{
    "task3_01.pcm": [
        {
            "beg": 2.5498701212986927,
            "end": 7.53370717656432
        }
    ],
    "task3_02.pcm": [
        {
            "beg": 7.025213751052259,
            "end": 11.430463297916713
        }
    ],
    "task3_03.pcm": [
        {
            "beg": 2.9236341388803915,
            "end": 7.26267845610764
        }
    ],
    "task3_04.pcm": [],
    "task3_05.pcm": [
        {
            "beg": 7.755007101741796,
            "end": 12.027226582940868
        },
        {
            "beg": 49.75742580548703,
            "end": 53.86711519772744
        },
        {
            "beg": 62.899144427001566,
            "end": 67.68217275921357
        }
    ]
}